period,mean_power,25th_percentile,75th_percentile
Nuit (0h-6h),0.005935397311244137,0.005935397311244137,0.005935397311244137
Journée entière,0.005935397311244137,0.005935397311244137,0.005935397311244137
